CVE-2020-7014,Elasticsearch是荷兰Elasticsearch公司的一套基于Lucene构建的开源分布式RESTful搜索引擎。该产品主要应用于云计算，并支持通过HTTP使用JSON进行数据索引。Elasticsearch 6.7.0版本至6.8.7版本和7.0.0版本至7.6.1版本中存在安全漏洞。攻击者可利用该漏洞提升权限。,高危,其他,CNNVD-202006-376,http://www.cnnvd.org.cn/web/xxk/ldxqById.tag?CNNVD=CNNVD-202006-376,目前厂商已发布升级补丁以修复漏洞，补丁获取链接：https://www.elastic.co/cn/community/security/,远程,Elasticsearch 安全漏洞,Elasticsearch,1
CVE-2020-7009,Elasticsearch是荷兰Elasticsearch公司的一套基于Lucene构建的开源分布式RESTful搜索引擎。该产品主要应用于云计算，并支持通过HTTP使用JSON进行数据索引。Elasticsearch 6.7.0版本至6.8.7版本和7.0.0版本至7.6.1版本中存在提权漏洞。目前尚无此漏洞的相关信息，请随时关注CNNVD或厂商公告。,中危,其他,CNNVD-202003-1748,http://www.cnnvd.org.cn/web/xxk/ldxqById.tag?CNNVD=CNNVD-202003-1748,目前厂商已发布升级补丁以修复漏洞，补丁获取链接：https://www.elastic.co/cn/community/security/,远程,Elasticsearch 安全漏洞,Elasticsearch,1
CVE-2019-7619,Elasticsearch是荷兰Elasticsearch公司的一套基于Lucene构建的开源分布式RESTful搜索引擎。该产品主要应用于云计算，并支持通过HTTP使用JSON进行数据索引。Elasticsearch 7.0.0版本至7.3.2版本和6.7.0版本至6.8.3版本中存在安全漏洞。攻击者可利用该漏洞绕过数据访问限制，获取敏感信息。,中危,加密问题,CNNVD-201910-1449,http://www.cnnvd.org.cn/web/xxk/ldxqById.tag?CNNVD=CNNVD-201910-1449,目前厂商已发布升级补丁以修复漏洞，补丁获取链接：https://discuss.elastic.co/t/elastic-stack-6-8-4-security-update/204908,远程,Elasticsearch 加密问题漏洞,Elasticsearch,1
CVE-2019-7614,Elasticsearch是荷兰Elasticsearch公司的一套基于Lucene构建的开源分布式RESTful搜索引擎。该产品主要应用于云计算，并支持通过HTTP使用JSON进行数据索引。Elasticsearch 7.2.1之前版本和6.8.2之前版本中存在竞争条件问题漏洞。攻击者可利用该漏洞获取含有其他用户敏感信息的响应头的访问权限。,中危,竞争条件问题,CNNVD-201907-1577,http://www.cnnvd.org.cn/web/xxk/ldxqById.tag?CNNVD=CNNVD-201907-1577,目前厂商已发布升级补丁以修复漏洞，补丁获取链接：https://www.elastic.co/community/security/,远程,Elasticsearch 竞争条件问题漏洞,Elasticsearch,1
CVE-2019-7611,Elasticsearch是荷兰Elasticsearch公司的一套基于Lucene构建的开源分布式RESTful搜索引擎。该产品主要应用于云计算，并支持通过HTTP使用JSON进行数据索引。Security是其中的一个数据保护组件。Elasticsearch Security 5.6.15之前版本和6.6.1之前版本中存在安全漏洞。攻击者可利用该漏洞绕过限制，进而提升权限。,高危,授权问题,CNNVD-201902-785,http://www.cnnvd.org.cn/web/xxk/ldxqById.tag?CNNVD=CNNVD-201902-785,目前厂商已发布升级补丁以修复漏洞，补丁获取链接：https://www.elastic.co/guide/en/elasticsearch/reference/current/release-notes-6.6.1.html,远程,Elasticsearch 授权问题漏洞,Elasticsearch,1
CVE-2018-3831,Elasticsearch是荷兰Elasticsearch公司的一套基于Lucene构建的开源分布式RESTful搜索引擎，它主要用于云计算中，并支持通过HTTP使用JSON进行数据索引。Alerting and Monitoring是其中的报警和监控组件。,高危,信息泄露,CNNVD-201809-869,http://www.cnnvd.org.cn/web/xxk/ldxqById.tag?CNNVD=CNNVD-201809-869,目前厂商已发布升级补丁以修复漏洞，补丁获取链接：https://discuss.elastic.co/t/elastic-stack-6-4-1-and-5-6-12-security-update/149035,远程,Elasticsearch Alerting and Monitoring 信息泄露漏洞,Elasticsearch,1
CVE-2018-3827,Elasticsearch是荷兰Elasticsearch公司的一套基于Lucene构建的开源分布式RESTful搜索引擎，它主要用于云计算中，并支持通过HTTP使用JSON进行数据索引。repository-azure是其中的一个存储库插件。,高危,信任管理问题,CNNVD-201809-873,http://www.cnnvd.org.cn/web/xxk/ldxqById.tag?CNNVD=CNNVD-201809-873,目前厂商已发布升级补丁以修复漏洞，补丁获取链接：https://discuss.elastic.co/t/elastic-stack-6-3-0-and-5-6-10-security-update/135777,远程,Elasticsearch repository-azure插件信任管理漏洞,Elasticsearch,1
CVE-2018-3826,Elasticsearch是荷兰Elasticsearch公司的一套基于Lucene构建的开源分布式RESTful搜索引擎，它主要用于云计算中，并支持通过HTTP使用JSON进行数据索引。,中危,信息泄露,CNNVD-201809-874,http://www.cnnvd.org.cn/web/xxk/ldxqById.tag?CNNVD=CNNVD-201809-874,目前厂商已发布升级补丁以修复漏洞，补丁获取链接：https://discuss.elastic.co/t/elastic-stack-6-3-0-and-5-6-10-security-update/135777,远程,Elasticsearch 安全漏洞,Elasticsearch,1
CVE-2018-17247,Elasticsearch是荷兰Elasticsearch公司的一套基于Lucene构建的开源分布式RESTful搜索引擎，它主要用于云计算中，并支持通过HTTP使用JSON进行数据索引。Security是其中的一个数据保护组件。,中危,代码问题,CNNVD-201812-435,http://www.cnnvd.org.cn/web/xxk/ldxqById.tag?CNNVD=CNNVD-201812-435,目前厂商已发布升级补丁以修复漏洞，补丁获取链接：https://discuss.elastic.co/t/elastic-stack-6-5-2-security-update/159594,远程,Elasticsearch Security 跨站脚本漏洞,Elasticsearch,1
CVE-2018-17244,Elasticsearch是荷兰Elasticsearch公司的一套基于Lucene构建的开源分布式RESTful搜索引擎，它主要用于云计算中，并支持通过HTTP使用JSON进行数据索引。Security是其中的一个数据保护组件。,中危,信息泄露,CNNVD-201812-962,http://www.cnnvd.org.cn/web/xxk/ldxqById.tag?CNNVD=CNNVD-201812-962,目前厂商已发布升级补丁以修复漏洞，补丁获取链接：https://discuss.elastic.co/t/elastic-stack-6-4-3-and-5-6-13-security-update/155594,远程,Elasticsearch Security 安全漏洞,Elasticsearch,1
CVE-2015-5531,Elasticsearch是荷兰Elasticsearch公司的一套基于Lucene构建的开源分布式RESTful搜索引擎，它主要用于云计算中，并支持通过HTTP使用JSON进行数据索引。Elasticsearch 1.6.1之前版本中存在目录遍历漏洞。远程攻击者可借助快照的API调用利用该漏洞读取任意文件。,中危,路径遍历,CNNVD-201507-666,http://www.cnnvd.org.cn/web/xxk/ldxqById.tag?CNNVD=CNNVD-201507-666,目前厂商已经发布了升级补丁以修复此安全问题，补丁获取链接：https://www.elastic.co/community/security/,远程,Elasticsearch 目录遍历漏洞,Elasticsearch,1
CVE-2015-5377,Elasticsearch是荷兰Elasticsearch公司的一套基于Lucene构建的开源分布式RESTful搜索引擎，它主要用于云计算中，并支持通过HTTP使用JSON进行数据索引。Elasticsearch 1.6.1之前版本中存在远程代码执行漏洞。攻击者可利用该漏洞在受影响应用程序上下文中执行任意代码，也可能造成拒绝服务。,高危,资料不足,CNNVD-201507-667,http://www.cnnvd.org.cn/web/xxk/ldxqById.tag?CNNVD=CNNVD-201507-667,目前厂商已发布升级补丁以修复漏洞，补丁获取链接：https://discuss.elastic.co/t/elasticsearch-remote-code-execution-cve-2015-5377/25736,远程,Elasticsearch 安全漏洞,Elasticsearch,1
CVE-2015-4165,Elasticsearch是荷兰Elasticsearch公司的一套基于Lucene构建的开源分布式RESTful搜索引擎，它主要用于云计算中，并支持通过HTTP使用JSON进行数据索引。Elasticsearch 1.6.0之前的版本中的snapshot API存在安全漏洞。远程攻击者可利用该漏洞写入和创建任意的snapshot元数据文件，可能执行任意代码。,中危,权限许可和访问控制,CNNVD-201506-475,http://www.cnnvd.org.cn/web/xxk/ldxqById.tag?CNNVD=CNNVD-201506-475,目前厂商已发布升级补丁以修复漏洞，补丁获取链接：https://www.elastic.co/community/security,远程,Elasticsearch 安全漏洞,Elasticsearch,1
CVE-2015-4152,Elasticsearch Logstash是荷兰Elasticsearch公司的一套日志分析和监控工具。该工具提供日志或事件的搜索、处理和管理等功能。Elasticsearch Logstash 1.4.3之前版本的file output插件中存在目录遍历漏洞。远程攻击者可借助路径选项中的动态字段引用利用该漏洞写入任意文件。,中危,路径遍历,CNNVD-201506-292,http://www.cnnvd.org.cn/web/xxk/ldxqById.tag?CNNVD=CNNVD-201506-292,目前厂商已经发布了升级补丁以修复此安全问题，补丁获取链接：https://www.elastic.co/blog/logstash-1-4-3-released,远程,Elasticsearch Logstash file output插件目录遍历漏洞,Elasticsearch,1
CVE-2015-4093,Elasticsearch Kibana（前称elasticsearch-dashboard）是荷兰Elasticsearch公司的一套开源的、基于浏览器的分析和搜索Elasticsearch仪表板工具。Elasticsearch Kibana 4.0.3之前4.x版本中存在跨站脚本漏洞。远程攻击者可利用该漏洞注入任意Web脚本或HTML。,中危,跨站脚本,CNNVD-201506-283,http://www.cnnvd.org.cn/web/xxk/ldxqById.tag?CNNVD=CNNVD-201506-283,目前厂商已经发布了升级补丁以修复此安全问题，补丁获取链接：https://www.elastic.co/community/security/,远程,Elasticsearch Kibana 跨站脚本漏洞,Elasticsearch,1
CVE-2015-3337,Elasticsearch是荷兰Elasticsearch公司的一套基于Lucene构建的开源分布式RESTful搜索引擎，它主要用于云计算中，并支持通过HTTP使用JSON进行数据索引。Elasticsearch 1.4.5之前版本和1.5.2之前1.5.x版本中存在目录遍历漏洞。当程序启用site插件时，远程攻击者可利用该漏洞读取任意文件。,中危,路径遍历,CNNVD-201504-575,http://www.cnnvd.org.cn/web/xxk/ldxqById.tag?CNNVD=CNNVD-201504-575,目前厂商已经发布了升级补丁以修复此安全问题，补丁获取链接：https://www.elastic.co/community/security,远程,Elasticsearch 路径遍历漏洞,Elasticsearch,1
CVE-2015-1427,Elasticsearch是荷兰Elasticsearch公司的一套基于Lucene构建的开源分布式RESTful搜索引擎，它主要用于云计算中，并支持通过HTTP使用JSON进行数据索引。Elasticsearch 1.37及之前版本和1.4.3之前1.4.x版本的Groovy脚本引擎中存在安全漏洞。远程攻击者可借助特制的脚本利用该漏洞绕过沙箱保护机制，执行任意shell命令。,高危,,CNNVD-201502-288,http://www.cnnvd.org.cn/web/xxk/ldxqById.tag?CNNVD=CNNVD-201502-288,目前厂商已经发布了升级补丁以修复此安全问题，补丁获取链接：http://www.elasticsearch.com/blog/elasticsearch-1-4-3-1-3-8-released/,远程,Elasticsearch Groovy Scripting Engine Sandbox 安全绕过漏洞,Elasticsearch,1
CVE-2014-6439,Elasticsearch是荷兰Elasticsearch公司的一套基于Lucene构建的开源分布式RESTful搜索引擎，它主要用于云计算中，并支持通过HTTP使用JSON进行数据索引。Elasticsearch 1.3.3及之前版本的CORS功能中存在跨站脚本漏洞。远程攻击者可利用该漏洞注入任意Web脚本或HTML。,中危,跨站脚本,CNNVD-201410-201,http://www.cnnvd.org.cn/web/xxk/ldxqById.tag?CNNVD=CNNVD-201410-201,目前厂商已经发布了升级补丁以修复此安全问题，补丁获取链接：http://www.elasticsearch.org/blog/elasticsearch-1-4-0-beta-released/,远程,Elasticsearch 跨站脚本漏洞,Elasticsearch,1
CVE-2014-3120,Elasticsearch是荷兰Elasticsearch公司的一套基于Lucene构建的开源分布式RESTful搜索引擎，它主要用于云计算中，并支持通过HTTP使用JSON进行数据索引。Elasticsearch 1.2之前版本中存在安全漏洞，该漏洞源于程序在默认配置下允许使用动态脚本。远程攻击者可利用该漏洞借助‘source’参数执行任意的MVEL表达式和Java代码。,中危,配置错误,CNNVD-201407-666,http://www.cnnvd.org.cn/web/xxk/ldxqById.tag?CNNVD=CNNVD-201407-666,目前厂商已经发布了升级补丁以修复此安全问题，详情请关注厂商主页：http://www.elasticsearch.org/,远程,Elasticsearch 安全漏洞,Elasticsearch,1
