lighttpd,CVE-2019-11072,lighttpd是德国Jan Kneschke软件开发者的一款开源的Web服务器。lighttpd 1.4.54之前版本中存在输入验证错误漏洞。该漏洞源于网络系统或产品未对输入的数据进行正确的验证。,超危,输入验证错误,CNNVD-201904-539,http://www.cnnvd.org.cn/web/xxk/ldxqById.tag?CNNVD=CNNVD-201904-539,目前厂商已发布升级补丁以修复漏洞，补丁获取链接：https://redmine.lighttpd.net/issues/2945,远程,lighttpd 输入验证错误漏洞,1
lighttpd,CVE-2018-19052,lighttpd是德国软件开发者Jan Kneschke所研发的一款开源的Web服务器，它的主要特点是仅需少量的内存及CPU资源即可达到同类网页服务器的性能。,高危,路径遍历,CNNVD-201811-129,http://www.cnnvd.org.cn/web/xxk/ldxqById.tag?CNNVD=CNNVD-201811-129,目前厂商已发布升级补丁以修复漏洞，补丁获取链接：https://github.com/lighttpd/lighttpd1.4/commit/2105dae0f9d7a964375ce681e53cb165375f84c1,远程,lighttpd ‘mod_alias_physical_handler’函数路径遍历漏洞,1
lighttpd,CVE-2015-3200,lighttpd是德国软件开发者Jan Kneschke所研发的一款开源的Web服务器，它的主要特点是仅需少量的内存及CPU资源即可达到同类网页服务器的性能。,中危,权限许可和访问控制,CNNVD-201505-527,http://www.cnnvd.org.cn/web/xxk/ldxqById.tag?CNNVD=CNNVD-201505-527,目前厂商已经发布了升级补丁以修复此安全问题，补丁获取链接：http://redmine.lighttpd.net/issues/2646,远程,Lighttpd mod_auth模块权限许可和访问控制问题漏洞,1
lighttpd,CVE-2014-2469,Oracle Oracle Solaris是美国甲骨文（Oracle）公司的一套类Unix操作系统。Oracle Solaris 11.1版本的Lighthttpd Web服务器中存在安全漏洞。攻击者可利用该漏洞造成拒绝服务。,中危,,CNNVD-201404-366,http://www.cnnvd.org.cn/web/xxk/ldxqById.tag?CNNVD=CNNVD-201404-366,目前厂商已经发布了升级补丁以修复此安全问题，补丁获取链接：https://blogs.oracle.com/sunsecurity/entry/cve_2014_2469_denial_of,远程,Oracle Solaris 拒绝服务漏洞,1
lighttpd,CVE-2014-2324,lighttpd是德国软件开发者Jan Kneschke所研发的一款开源的Web服务器，它的主要特点是仅需少量的内存及CPU资源即可达到同类网页服务器的性能。lighttpd 1.4.34及之前版本中的mod_evhost和mod_simple_vhost虚拟主机模块中存在目录遍历漏洞。远程攻击者可借助特制的主机名利用该漏洞读取任意文件。,中危,路径遍历,CNNVD-201403-291,http://www.cnnvd.org.cn/web/xxk/ldxqById.tag?CNNVD=CNNVD-201403-291,目前厂商已经发布了升级补丁以修复此安全问题，补丁获取链接：http://www.lighttpd.net/2014/3/12/1.4.35/,远程,lighttpd 目录遍历漏洞,1
lighttpd,CVE-2014-2323,lighttpd是德国软件开发者Jan Kneschke所研发的一款开源的Web服务器，它的主要特点是仅需少量的内存及CPU资源即可达到同类网页服务器的性能。lighttpd 1.4.34及之前版本中的mod_mysql_vhost.c文件存在SQL注入漏洞。远程攻击者可借助特制的主机名利用该漏洞执行任意SQL命令。,高危,SQL注入,CNNVD-201403-290,http://www.cnnvd.org.cn/web/xxk/ldxqById.tag?CNNVD=CNNVD-201403-290,目前厂商已经发布了升级补丁以修复此安全问题，补丁获取链接：http://www.lighttpd.net/2014/3/12/1.4.35/,远程,lighttpd SQL注入漏洞,1
lighttpd,CVE-2013-4560,lighttpd是德国软件开发者Jan Kneschke所研发的一款开源的Web服务器，它的主要特点是仅需少量的内存及CPU资源即可达到同类网页服务器的性能。,低危,资源管理错误,CNNVD-201311-204,http://www.cnnvd.org.cn/web/xxk/ldxqById.tag?CNNVD=CNNVD-201311-204,目前厂商已经发布了升级补丁以修复此安全问题，补丁获取链接：http://download.lighttpd.net/lighttpd/security/lighttpd_sa_2013_03.txt,远程,lighttpd 资源管理错误漏洞,1
lighttpd,CVE-2013-4559,lighttpd是德国软件开发者Jan Kneschke所研发的一款开源的Web服务器，它的主要特点是仅需少量的内存及CPU资源即可达到同类网页服务器的性能。,高危,权限许可和访问控制问题,CNNVD-201311-203,http://www.cnnvd.org.cn/web/xxk/ldxqById.tag?CNNVD=CNNVD-201311-203,目前厂商已经发布了升级补丁以修复此安全问题，补丁获取链接：http://download.lighttpd.net/lighttpd/security/lighttpd_sa_2013_02.txt,远程,lighttpd 权限许可和访问控制问题漏洞,1
lighttpd,CVE-2013-4508,lighttpd是德国软件开发者Jan Kneschke所研发的一款开源的Web服务器，它的主要特点是仅需少量的内存及CPU资源即可达到同类网页服务器的性能。lighttpd 1.4.34之前的版本中存在安全漏洞，该漏洞源于程序配置服务器名字指示(Server Name Indication，SNI)时，使用默认的SSL密码。远程攻击者可利用该漏洞通过向客户服务器数据流中插入数据包劫持会话，或通过嗅探网络获取敏感信息。,中危,加密问题,CNNVD-201311-114,http://www.cnnvd.org.cn/web/xxk/ldxqById.tag?CNNVD=CNNVD-201311-114,目前厂商已经发布了升级补丁以修复此安全问题，补丁获取链接：http://download.lighttpd.net/lighttpd/security/lighttpd_sa_2013_01.txt,远程,lighttpd 安全漏洞,1
lighttpd,CVE-2013-1427,lighttpd是德国软件开发者Jan Kneschke所研发的一款开源的Web服务器，它的主要特点是仅需少量的内存及CPU资源即可达到同类网页服务器的性能。基于Debian GNU/Linux平台上的FastCGI PHP支持lighthttpd 1.4.28之前版本中的配置文件中存在漏洞，该漏洞源于在/tmp目录下创建可预测名的套接字文件。通过符号链接或竞争条件，本地攻击者利用该漏洞劫持PHP控制套接字进而执行未授权操作，如强制使用不同版本的PHP。,低危,加密问题,CNNVD-201303-338,http://www.cnnvd.org.cn/web/xxk/ldxqById.tag?CNNVD=CNNVD-201303-338,目前厂商已经发布了升级补丁以修复此安全问题，补丁获取链接：http://www.lighttpd.net/,本地,lighttpd 不安全临时文件创建漏洞,1
lighttpd,CVE-2012-5533,"lighttpd是德国软件开发者Jan Kneschke所研发的一款开源的Web服务器，它的主要特点是仅需少量的内存及CPU资源即可达到同类网页服务器的性能。lighttpd 1.4.32的request.c中的http_request_split_value函数中存在漏洞。通过发送报头中含有空令牌的请求，如“Connection： TE,,Keep-Alive”报头，远程攻击者可利用该漏洞造成拒绝服务（无线循环）。",中危,资源管理错误,CNNVD-201211-424,http://www.cnnvd.org.cn/web/xxk/ldxqById.tag?CNNVD=CNNVD-201211-424,目前厂商已经发布了升级补丁以修复此安全问题，补丁获取链接：http://download.lighttpd.net/lighttpd/security/lighttpd_sa_2012_01.txt,远程,lighttpd HTTP头处理拒绝服务漏洞,1
lighttpd,CVE-2011-4362,lighttpd是德国软件开发者Jan Kneschke所研发的一款开源的Web服务器，它的主要特点是仅需少量的内存及CPU资源即可达到同类网页服务器的性能。lighttpd 1.4.30之前的版本中存在远程拒绝服务漏洞。攻击者可利用该漏洞造成应用程序崩溃，导致拒绝服务。,中危,数字错误,CNNVD-201111-503,http://www.cnnvd.org.cn/web/xxk/ldxqById.tag?CNNVD=CNNVD-201111-503,目前厂商已经发布了升级补丁以修复此安全问题，补丁获取链接：http://www.lighttpd.net/,远程,lighttpd ‘http_auth.c’ 远程拒绝服务漏洞,1
lighttpd,CVE-2010-0295,lighttpd是德国软件开发者Jan Kneschke所研发的一款开源的Web服务器，它的主要特点是仅需少量的内存及CPU资源即可达到同类网页服务器的性能。Lighttpd服务器每次接收到网络报文都会分配4K或16K的堆内存，如果远程攻击者缓慢的发送HTTP请求(如每秒钟发送1字节)，就会耗尽所有可用内存导致服务器终止。,中危,资源管理错误,CNNVD-201002-018,http://www.cnnvd.org.cn/web/xxk/ldxqById.tag?CNNVD=CNNVD-201002-018,目前厂商还没有提供补丁或者升级程序，建议使用此软件的用户随时关注厂商的主页以获取最新版本：http://www.lighttpd.net/,远程,lighttpd畸形HTTP请求远程拒绝服务漏洞,1
lighttpd,CVE-2008-4360,lighttpd是德国软件开发者Jan Kneschke所研发的一款开源的Web服务器，它的主要特点是仅需少量的内存及CPU资源即可达到同类网页服务器的性能。当使用不区分大小写的操作系统或文件系统时，Lighttpd的mod_userdir模块对配置选项中的文件名组件执行了区分大小写的比较，允许远程攻击者绕过预期的访问限制。例如，如果将php配置为处理以.php结尾的文件时，攻击者就可以通过http：//example.com/~user/file.PHP请求获得PHP源码。,高危,信息泄露,CNNVD-200810-029,http://www.cnnvd.org.cn/web/xxk/ldxqById.tag?CNNVD=CNNVD-200810-029,目前厂商已经发布了升级补丁以修复这个安全问题，补丁下载链接：Debian Linux 4.0 arm,远程,Lighttpd mod_userdir区分大小写比较信息泄露漏洞,1
lighttpd,CVE-2008-4359,"lighttpd在执行URL解码前比较URIs模式rul.redirect和url.rewrite配置设置,这可能会引起远程攻击者绕过预设的访问限制，获得敏感信息或修改数据。",高危,信息泄露,CNNVD-200810-028,http://www.cnnvd.org.cn/web/xxk/ldxqById.tag?CNNVD=CNNVD-200810-028,目前厂商已经发布了升级补丁以修复这个安全问题，补丁下载链接：Debian Linux 4.0 arm,远程,Lighttpd URI Rewrite/Redirect 信息泄露漏洞,1
lighttpd,CVE-2008-4298,lighttpd 1.4.20的之前版本的request.c的http_request_parse函数中存在内存漏洞。 远程攻击者可以通过提交具有请求页眉副本的多个请求来造成拒绝服务 (内存损耗)。,中危,资源管理错误,CNNVD-200809-396,http://www.cnnvd.org.cn/web/xxk/ldxqById.tag?CNNVD=CNNVD-200809-396,"""目前厂商已经发布了升级补丁以修复这个安全问题，补丁下载链接：Debian Linux 4.0 arm",远程,Lighttpd request.c http_request_parse函数内存泄露漏洞,1
lighttpd,CVE-2008-1531,lighttpd是德国软件开发者Jan Kneschke所研发的一款开源的Web服务器，它的主要特点是仅需少量的内存及CPU资源即可达到同类网页服务器的性能。lighttpd没有正确地清除OpenSSL错误队列，远程攻击者可以触发SSL错误的话，如在下载结束前断开连接，lighttpd就可能断开所有活动的SSL连接。,中危,设计错误,CNNVD-200803-453,http://www.cnnvd.org.cn/web/xxk/ldxqById.tag?CNNVD=CNNVD-200803-453,目前厂商已经发布了升级补丁以修复这个安全问题，补丁下载链接：http://www.debian.org/security/2008/dsa-1540,远程,Lighttpd SSL错误拒绝服务漏洞,1
lighttpd,CVE-2008-1270,lighttpd是目前非常流行的开放源代码的web服务器。当未对userdir.path进行设置时，lighttpd中的mod_userdir使用默认的$HOME，远程攻击者可以读取任意文件，比如访问nobody目录。,中危,信息泄露,CNNVD-200803-148,http://www.cnnvd.org.cn/web/xxk/ldxqById.tag?CNNVD=CNNVD-200803-148,目前厂商已经发布了升级补丁以修复这个安全问题，补丁下载链接：lighttpd lighttpd 1.4,远程,Lighttpd mod_userdir 信息泄露漏洞,1
lighttpd,CVE-2008-1111,lighttpd是目前非常流行的开放源代码的web服务器。当一个交叉失败发生时，lighttpd 1.4.18中的mod_cgi会发送CGI脚本的源代码而不是一个500错误，远程攻击者可以获取敏感信息。,中危,信息泄露,CNNVD-200803-027,http://www.cnnvd.org.cn/web/xxk/ldxqById.tag?CNNVD=CNNVD-200803-027,目前厂商已经发布了升级补丁以修复这个安全问题，补丁下载链接：http://www.lighttpd.net/,远程,Lighttpd mod_cgi敏感信息泄露漏洞,1
lighttpd,CVE-2008-0983,lighttpd是德国软件开发者Jan Kneschke所研发的一款开源的Web服务器，它的主要特点是仅需少量的内存及CPU资源即可达到同类网页服务器的性能。Lighttpd在分配全局文件描述符数组时存在计算错误，远程攻击者可能利用此漏洞导致服务不可用。,中危,资源管理错误,CNNVD-200802-469,http://www.cnnvd.org.cn/web/xxk/ldxqById.tag?CNNVD=CNNVD-200802-469,目前厂商已经发布了升级补丁以修复这个安全问题，补丁下载链接：http://trac.lighttpd.net/trac/attachment/ticket/1562/Fix-372-and-1562.patch,远程,lighttpd文件描述符数组远程拒绝服务漏洞,1
lighttpd,CVE-2007-4727,lighttpd是德国软件开发者Jan Kneschke所研发的一款开源的Web服务器，它的主要特点是仅需少量的内存及CPU资源即可达到同类网页服务器的性能。Lighttpd的mod_fastcgi扩展在处理HTTP请求头时存在缓冲区溢出漏洞，远程攻击者可能利用此漏洞控制服务器。,中危,缓冲区溢出,CNNVD-200709-142,http://www.cnnvd.org.cn/web/xxk/ldxqById.tag?CNNVD=CNNVD-200709-142,目前厂商已经发布了升级补丁以修复这个安全问题，请到厂商的主页下载：http://www.lighttpd.net/download/lighttpd-1.4.18.tar.bz2,远程,Lighttpd Mod_Fast CGI模块请求头远程溢出漏洞,1
lighttpd,CVE-2007-3950,lighttpd是德国软件开发者Jan Kneschke所研发的一款开源的Web服务器，它的主要特点是仅需少量的内存及CPU资源即可达到同类网页服务器的性能。Lighttpd的mod_scgi模块、mod_fastcgi模块、 mod_webdav模块中存在错误，远程攻击者如果通过不兼容格式的字符调试某些信息，可能导致拒绝服务。,中危,资料不足,CNNVD-200707-405,http://www.cnnvd.org.cn/web/xxk/ldxqById.tag?CNNVD=CNNVD-200707-405,目前厂商已经发布了升级补丁以修复这个安全问题，补丁下载链接：http://www.debian.org/security/2007/dsa-1362,远程,Lighttpd 多个模块 拒绝服务攻击漏洞,1
lighttpd,CVE-2007-3949,"lighttpd是德国软件开发者Jan Kneschke所研发的一款开源的Web服务器，它的主要特点是仅需少量的内存及CPU资源即可达到同类网页服务器的性能。Lighttpd的mod_access.c中存在信息泄露漏洞。Lighttpd没有正确地解析HTTP头，如果用户在HTTP请求中向URL添加了""/""的话，就可以通过这样的请求访问受限制的文件。",高危,资料不足,CNNVD-200707-404,http://www.cnnvd.org.cn/web/xxk/ldxqById.tag?CNNVD=CNNVD-200707-404,目前厂商已经发布了升级补丁以修复这个安全问题，补丁下载链接：http://www.debian.org/security/2007/dsa-1362,远程,Lighttpd mod_access.c信息泄露漏洞,1
lighttpd,CVE-2007-3948,lighttpd是德国软件开发者Jan Kneschke所研发的一款开源的Web服务器，它的主要特点是仅需少量的内存及CPU资源即可达到同类网页服务器的性能。lighttpd 1.4.16之前的版本中的connections.c中存在远程拒绝服务攻击漏洞。,中危,资料不足,CNNVD-200707-401,http://www.cnnvd.org.cn/web/xxk/ldxqById.tag?CNNVD=CNNVD-200707-401,目前厂商已经发布了升级补丁以修复这个安全问题，补丁下载链接：http://www.debian.org/security/2007/dsa-1362,远程,Lighttpd connections.c远程拒绝服务攻击漏洞,1
lighttpd,CVE-2007-3947,lighttpd是德国软件开发者Jan Kneschke所研发的一款开源的Web服务器，它的主要特点是仅需少量的内存及CPU资源即可达到同类网页服务器的性能。lighttpd 1.4.15版本的request.c中存在远程拒绝服务攻击漏洞。Lighttpd没有正确地解析HTTP头，如果远程攻击者发送了包含有拖尾空格字符的特制HTTP请求的话，就可能导致拒绝服务。,中危,资料不足,CNNVD-200707-398,http://www.cnnvd.org.cn/web/xxk/ldxqById.tag?CNNVD=CNNVD-200707-398,目前厂商已经发布了升级补丁以修复这个安全问题，补丁下载链接：http://www.debian.org/security/2007/dsa-1362,远程,Lighttpd request.c远程拒绝服务攻击漏洞,1
lighttpd,CVE-2007-3946,lighttpd是德国软件开发者Jan Kneschke所研发的一款开源的Web服务器，它的主要特点是仅需少量的内存及CPU资源即可达到同类网页服务器的性能。lighttpd 1.4.15版本的http_auth.c中存在远程拒绝服务攻击漏洞。,中危,资料不足,CNNVD-200707-400,http://www.cnnvd.org.cn/web/xxk/ldxqById.tag?CNNVD=CNNVD-200707-400,目前厂商已经发布了升级补丁以修复这个安全问题，补丁下载链接：http://www.debian.org/security/2007/dsa-1362,远程,Lighttpd http_auth.c远程拒绝服务攻击漏洞,1
lighttpd,CVE-2007-1870,lighttpd是德国软件开发者Jan Kneschke所研发的一款开源的Web服务器，它的主要特点是仅需少量的内存及CPU资源即可达到同类网页服务器的性能。Lighttpd如果在解析＼r＼n＼r＼n期间连接中断的话，服务器就会陷入死循环，使用100%的CPU时间。攻击者可以反复利用这个漏洞，直至到达服务器的并行连接极限或到达文件描述符限制。,高危,其他,CNNVD-200704-301,http://www.cnnvd.org.cn/web/xxk/ldxqById.tag?CNNVD=CNNVD-200704-301,目前厂商已经发布了升级补丁以修复此安全问题，补丁获取链接：http://www.lighttpd.net/assets/2007/4/13/lighttpd-1.4.x_crlf_parsing_dos.patch,远程,Lighttpd多个远程拒绝服务漏洞,1
lighttpd,CVE-2007-1869,lighttpd是德国软件开发者Jan Kneschke所研发的一款开源的Web服务器，它的主要特点是仅需少量的内存及CPU资源即可达到同类网页服务器的性能。Lighttpd如果在解析＼r＼n＼r＼n期间连接中断的话，服务器就会陷入死循环，使用100%的CPU时间。攻击者可以反复利用这个漏洞，直至到达服务器的并行连接极限或到达文件描述符限制。,中危,其他,CNNVD-200704-292,http://www.cnnvd.org.cn/web/xxk/ldxqById.tag?CNNVD=CNNVD-200704-292,目前厂商已经发布了升级补丁以修复这个安全问题，补丁下载链接：http://www.lighttpd.net/assets/2007/4/13/lighttpd-1.4.x_crlf_parsing_dos.patch,远程,Lighttpd多个远程拒绝服务漏洞,1
lighttpd,CVE-2006-0814,"lighttpd是德国软件开发者Jan Kneschke所研发的一款开源的Web服务器，它的主要特点是仅需少量的内存及CPU资源即可达到同类网页服务器的性能。Lighttpd Web Server没有正确的验证用户在URL中提供的文件名扩展，允许攻击者可以通过包含有"".""和空格字符的请求检索脚本文件(如PHP)的源码。",中危,设计错误,CNNVD-200603-045,http://www.cnnvd.org.cn/web/xxk/ldxqById.tag?CNNVD=CNNVD-200603-045,目前厂商已经发布了升级补丁以修复此安全问题，补丁获取链接：http://www.lighttpd.net,远程,Lighttpd远程脚本源码泄露漏洞,1
lighttpd,CVE-2006-0760,"LightTPD 1.4.8及之前版本中的web root处于不区分大小写的文件系统中时，远程攻击者可以借助使用意外大写的文件扩展名绕过URL检查并获得敏感信息，如配置仅为"".php""名称调用PHP解释程序时请求index.PHP所演示的那样。",低危,未知,CNNVD-200602-256,http://www.cnnvd.org.cn/web/xxk/ldxqById.tag?CNNVD=CNNVD-200602-256,,远程,LightTPD 信息泄露漏洞,1
lighttpd,CVE-2005-0453,"lighttpd是一套开放源代码的网页服务器。
Lighttpd 1.3.7及更早版本中的buffer_urldecode函数无法正确处理控制字符，这可让远程攻击者通过在文件扩展名后带有%00(空)字符的URL来获得CGI和FastCGI脚本的源代码。",中危,未知,CNNVD-200502-061,http://www.cnnvd.org.cn/web/xxk/ldxqById.tag?CNNVD=CNNVD-200502-061,,远程,Lighttpd 控制字符处理漏洞,1
